cli-0,cli-0,cli-1,cli-1,cli-2,cli-2
wavelength,counts,wavelength,counts,wavelength,counts
586.5894765297743,20,586.5894765297743,30,586.5894765297743,20
587.0102368120232,-20,587.0102368120232,10,587.0102368120232,20
587.430988699056,-10,587.430988699056,-40,587.430988699056,-60
587.851732168044,50,587.851732168044,60,587.851732168044,70
588.2724671961586,20,588.2724671961586,20,588.2724671961586,30
588.6931937605708,-10,588.6931937605708,0,588.6931937605708,60
589.1139118384522,30,589.1139118384522,0,589.1139118384522,-30
589.5346214069737,0,589.5346214069737,40,589.5346214069737,10
589.9553224433068,90,589.9553224433068,-10,589.9553224433068,10
590.3760149246228,50,590.3760149246228,10,590.3760149246228,40
590.796698828093,-10,590.796698828093,-50,590.796698828093,20
591.2173741308884,50,591.2173741308884,50,591.2173741308884,60
591.6380408101805,0,591.6380408101805,0,591.6380408101805,20
592.0586988431406,20,592.0586988431406,40,592.0586988431406,50
592.4793482069399,60,592.4793482069399,80,592.4793482069399,40
592.8999888787496,-10,592.8999888787496,-60,592.8999888787496,-30
593.3206208357411,-50,593.3206208357411,-30,593.3206208357411,-80
593.7412440550855,20,593.7412440550855,10,593.7412440550855,0
594.1618585139544,20,594.1618585139544,20,594.1618585139544,20
594.5824641895186,20,594.5824641895186,70,594.5824641895186,0
595.0030610589498,60,595.0030610589498,90,595.0030610589498,80
595.4236490994191,60,595.4236490994191,80,595.4236490994191,70
595.8442282880977,40,595.8442282880977,50,595.8442282880977,30
596.264798602157,10,596.264798602157,40,596.264798602157,20
596.6853600187682,20,596.6853600187682,-20,596.6853600187682,20
597.1059125151025,50,597.1059125151025,20,597.1059125151025,50
597.5264560683314,40,597.5264560683314,70,597.5264560683314,40
597.946990655626,40,597.946990655626,40,597.946990655626,20
598.3675162541576,20,598.3675162541576,50,598.3675162541576,10
598.7880328410974,30,598.7880328410974,30,598.7880328410974,10
599.2085403936169,-40,599.2085403936169,10,599.2085403936169,-30
599.6290388888872,-10,599.6290388888872,-30,599.6290388888872,0
600.0495283040796,40,600.0495283040796,0,600.0495283040796,0
600.4700086163652,20,600.4700086163652,30,600.4700086163652,40
600.8904798029156,10,600.8904798029156,70,600.8904798029156,80
601.3109418409018,0,601.3109418409018,20,601.3109418409018,20
601.7313947074953,10,601.7313947074953,0,601.7313947074953,20
602.1518383798672,-30,602.1518383798672,-20,602.1518383798672,-10
602.5722728351888,40,602.5722728351888,40,602.5722728351888,40
602.9926980506314,30,602.9926980506314,40,602.9926980506314,-10
603.4131140033663,70,603.4131140033663,0,603.4131140033663,30
603.8335206705648,-30,603.8335206705648,20,603.8335206705648,30
604.2539180293979,50,604.2539180293979,40,604.2539180293979,-40
604.6743060570374,60,604.6743060570374,40,604.6743060570374,-20
605.0946847306541,-30,605.0946847306541,-20,605.0946847306541,-20
605.5150540274194,10,605.5150540274194,60,605.5150540274194,60
605.9354139245046,30,605.9354139245046,-10,605.9354139245046,-20
606.355764399081,-10,606.355764399081,30,606.355764399081,10
606.7761054283199,0,606.7761054283199,20,606.7761054283199,20
607.1964369893924,-20,607.1964369893924,50,607.1964369893924,20
607.61675905947,40,607.61675905947,20,607.61675905947,40
608.0370716157239,20,608.0370716157239,-20,608.0370716157239,-10
608.4573746353252,50,608.4573746353252,20,608.4573746353252,50
608.8776680954454,20,608.8776680954454,50,608.8776680954454,0
609.2979519732556,30,609.2979519732556,0,609.2979519732556,20
609.7182262459272,10,609.7182262459272,70,609.7182262459272,20
610.1384908906315,80,610.1384908906315,60,610.1384908906315,60
610.5587458845396,10,610.5587458845396,50,610.5587458845396,20
610.9789912048229,60,610.9789912048229,70,610.9789912048229,70
611.3992268286527,120,611.3992268286527,50,611.3992268286527,40
611.8194527332001,50,611.8194527332001,40,611.8194527332001,50
612.2396688956366,40,612.2396688956366,70,612.2396688956366,40
612.6598752931333,70,612.6598752931333,30,612.6598752931333,50
613.0800719028615,50,613.0800719028615,30,613.0800719028615,30
613.5002587019925,-20,613.5002587019925,30,613.5002587019925,-50
613.9204356676976,30,613.9204356676976,10,613.9204356676976,40
614.340602777148,-80,614.340602777148,-30,614.340602777148,-20
614.760760007515,90,614.760760007515,90,614.760760007515,30
615.18090733597,30,615.18090733597,-20,615.18090733597,0
615.6010447396841,80,615.6010447396841,100,615.6010447396841,10
616.0211721958286,40,616.0211721958286,20,616.0211721958286,-20
616.441289681575,30,616.441289681575,30,616.441289681575,10
616.8613971740941,0,616.8613971740941,10,616.8613971740941,10
617.2814946505576,-30,617.2814946505576,50,617.2814946505576,70
617.7015820881365,-10,617.7015820881365,20,617.7015820881365,-40
618.1216594640024,30,618.1216594640024,-10,618.1216594640024,10
618.5417267553262,50,618.5417267553262,50,618.5417267553262,0
618.9617839392794,30,618.9617839392794,40,618.9617839392794,0
619.3818309930332,50,619.3818309930332,30,619.3818309930332,50
619.8018678937589,60,619.8018678937589,50,619.8018678937589,20
620.2218946186277,10,620.2218946186277,70,620.2218946186277,60
620.6419111448109,30,620.6419111448109,70,620.6419111448109,50
621.0619174494799,30,621.0619174494799,20,621.0619174494799,10
621.4819135098058,-20,621.4819135098058,10,621.4819135098058,0
621.90189930296,40,621.90189930296,20,621.90189930296,20
622.3218748061137,10,622.3218748061137,70,622.3218748061137,10
622.7418399964381,30,622.7418399964381,50,622.7418399964381,70
623.1617948511047,60,623.1617948511047,30,623.1617948511047,20
623.5817393472845,-10,623.5817393472845,20,623.5817393472845,-40
624.001673462149,10,624.001673462149,20,624.001673462149,-10
624.4215971728693,20,624.4215971728693,20,624.4215971728693,20
624.8415104566168,90,624.8415104566168,30,624.8415104566168,30
625.2614132905627,60,625.2614132905627,60,625.2614132905627,0
625.6813056518782,-10,625.6813056518782,-30,625.6813056518782,-40
626.1011875177348,60,626.1011875177348,80,626.1011875177348,70
626.5210588653035,0,626.5210588653035,-20,626.5210588653035,10
626.9409196717559,60,626.9409196717559,40,626.9409196717559,10
627.360769914263,30,627.360769914263,60,627.360769914263,10
627.780609569996,-10,627.780609569996,-20,627.780609569996,-50
628.2004386161265,90,628.2004386161265,40,628.2004386161265,90
628.6202570298256,30,628.6202570298256,30,628.6202570298256,0
629.0400647882644,30,629.0400647882644,30,629.0400647882644,0
629.4598618686144,30,629.4598618686144,20,629.4598618686144,40
629.8796482480469,40,629.8796482480469,10,629.8796482480469,10
630.299423903733,-10,630.299423903733,10,630.299423903733,10
630.7191888128441,50,630.7191888128441,110,630.7191888128441,20
631.1389429525514,30,631.1389429525514,20,631.1389429525514,-20
631.5586863000262,60,631.5586863000262,90,631.5586863000262,10
631.9784188324398,120,631.9784188324398,90,631.9784188324398,70
632.3981405269634,40,632.3981405269634,30,632.3981405269634,40
632.8178513607684,50,632.8178513607684,30,632.8178513607684,30
633.2375513110259,50,633.2375513110259,80,633.2375513110259,100
633.6572403549072,-50,633.6572403549072,-30,633.6572403549072,-30
634.0769184695838,0,634.0769184695838,10,634.0769184695838,-10
634.4965856322267,20,634.4965856322267,0,634.4965856322267,-10
634.9162418200073,70,634.9162418200073,20,634.9162418200073,50
635.3358870100968,60,635.3358870100968,40,635.3358870100968,20
635.7555211796666,30,635.7555211796666,10,635.7555211796666,20
636.1751443058879,50,636.1751443058879,80,636.1751443058879,30
636.5947563659319,80,636.5947563659319,20,636.5947563659319,-20
637.01435733697,50,637.01435733697,-30,637.01435733697,30
637.4339471961733,30,637.4339471961733,-30,637.4339471961733,10
637.8535259207132,0,637.8535259207132,0,637.8535259207132,10
638.273093487761,-30,638.273093487761,-20,638.273093487761,0
638.692649874488,30,638.692649874488,0,638.692649874488,-10
639.1121950580653,50,639.1121950580653,80,639.1121950580653,80
639.5317290156643,40,639.5317290156643,50,639.5317290156643,100
639.9512517244561,40,639.9512517244561,30,639.9512517244561,50
640.3707631616122,70,640.3707631616122,20,640.3707631616122,60
640.7902633043038,40,640.7902633043038,10,640.7902633043038,30
641.2097521297022,30,641.2097521297022,50,641.2097521297022,20
641.6292296149786,70,641.6292296149786,60,641.6292296149786,90
642.0486957373043,10,642.0486957373043,40,642.0486957373043,-20
642.4681504738506,-40,642.4681504738506,-30,642.4681504738506,10
642.8875938017887,-20,642.8875938017887,0,642.8875938017887,-10
643.30702569829,80,643.30702569829,70,643.30702569829,30
643.7264461405256,50,643.7264461405256,20,643.7264461405256,0
644.1458551056669,0,644.1458551056669,40,644.1458551056669,20
644.565252570885,-50,644.565252570885,0,644.565252570885,-30
644.9846385133515,-10,644.9846385133515,10,644.9846385133515,0
645.4040129102374,0,645.4040129102374,-10,645.4040129102374,-20
645.823375738714,30,645.823375738714,90,645.823375738714,50
646.2427269759527,30,646.2427269759527,50,646.2427269759527,-20
646.6620665991246,50,646.6620665991246,-20,646.6620665991246,20
647.0813945854012,50,647.0813945854012,0,647.0813945854012,20
647.5007109119535,30,647.5007109119535,40,647.5007109119535,30
647.920015555953,-10,647.920015555953,-20,647.920015555953,10
648.3393084945709,60,648.3393084945709,30,648.3393084945709,30
648.7585897049784,60,648.7585897049784,10,648.7585897049784,30
649.1778591643467,60,649.1778591643467,20,649.1778591643467,80
649.5971168498475,40,649.5971168498475,100,649.5971168498475,60
650.0163627386515,50,650.0163627386515,0,650.0163627386515,40
650.4355968079303,20,650.4355968079303,10,650.4355968079303,-20
650.8548190348552,40,650.8548190348552,70,650.8548190348552,20
651.2740293965974,30,651.2740293965974,30,651.2740293965974,20
651.693227870328,0,651.693227870328,-20,651.693227870328,-20
652.1124144332185,80,652.1124144332185,10,652.1124144332185,50
652.5315890624402,-10,652.5315890624402,0,652.5315890624402,0
652.9507517351642,100,652.9507517351642,40,652.9507517351642,10
653.3699024285618,-10,653.3699024285618,0,653.3699024285618,-10
653.7890411198043,-10,653.7890411198043,-60,653.7890411198043,-20
654.2081677860631,-20,654.2081677860631,50,654.2081677860631,20
654.6272824045093,70,654.6272824045093,40,654.6272824045093,70
655.0463849523143,-10,655.0463849523143,20,655.0463849523143,0
655.4654754066491,40,655.4654754066491,0,655.4654754066491,30
655.8845537446854,110,655.8845537446854,70,655.8845537446854,80
656.3036199435942,70,656.3036199435942,90,656.3036199435942,0
656.7226739805468,130,656.7226739805468,120,656.7226739805468,140
657.1417158327145,80,657.1417158327145,120,657.1417158327145,60
657.5607454772686,120,657.5607454772686,40,657.5607454772686,150
657.9797628913802,140,657.9797628913802,120,657.9797628913802,130
658.3987680522209,130,658.3987680522209,90,658.3987680522209,120
658.8177609369617,170,658.8177609369617,120,658.8177609369617,150
659.2367415227739,110,659.2367415227739,100,659.2367415227739,70
659.6557097868289,80,659.6557097868289,70,659.6557097868289,100
660.0746657062979,120,660.0746657062979,150,660.0746657062979,130
660.4936092583521,110,660.4936092583521,130,660.4936092583521,120
660.9125404201628,120,660.9125404201628,110,660.9125404201628,50
661.3314591689015,180,661.3314591689015,110,661.3314591689015,110
661.7503654817392,110,661.7503654817392,50,661.7503654817392,40
662.1692593358472,30,662.1692593358472,80,662.1692593358472,40
662.5881407083968,10,662.5881407083968,20,662.5881407083968,50
663.0070095765594,70,663.0070095765594,30,663.0070095765594,60
663.4258659175061,60,663.4258659175061,50,663.4258659175061,10
663.8447097084083,50,663.8447097084083,50,663.8447097084083,60
664.2635409264374,-30,664.2635409264374,-90,664.2635409264374,-60
664.6823595487642,30,664.6823595487642,0,664.6823595487642,30
665.1011655525604,0,665.1011655525604,70,665.1011655525604,70
665.5199589149971,30,665.5199589149971,40,665.5199589149971,40
665.9387396132456,-30,665.9387396132456,10,665.9387396132456,20
666.3575076244772,30,666.3575076244772,10,666.3575076244772,40
666.7762629258632,50,666.7762629258632,-30,666.7762629258632,0
667.1950054945747,60,667.1950054945747,80,667.1950054945747,60
667.6137353077831,60,667.6137353077831,50,667.6137353077831,40
668.0324523426598,-10,668.0324523426598,0,668.0324523426598,-10
668.4511565763759,10,668.4511565763759,50,668.4511565763759,20
668.8698479861027,90,668.8698479861027,20,668.8698479861027,50
669.2885265490114,0,669.2885265490114,-10,669.2885265490114,10
669.7071922422734,70,669.7071922422734,60,669.7071922422734,40
670.12584504306,30,670.12584504306,10,670.12584504306,-30
670.5444849285424,80,670.5444849285424,30,670.5444849285424,30
670.9631118758919,70,670.9631118758919,0,670.9631118758919,40
671.3817258622796,100,671.3817258622796,100,671.3817258622796,90
671.800326864877,70,671.800326864877,40,671.800326864877,70
672.2189148608552,90,672.2189148608552,30,672.2189148608552,70
672.6374898273856,10,672.6374898273856,-10,672.6374898273856,-20
673.0560517416395,-10,673.0560517416395,-20,673.0560517416395,-20
673.4746005807881,-10,673.4746005807881,-10,673.4746005807881,-20
673.8931363220026,20,673.8931363220026,70,673.8931363220026,50
674.3116589424544,50,674.3116589424544,20,674.3116589424544,30
674.7301684193147,50,674.7301684193147,0,674.7301684193147,40
675.1486647297548,90,675.1486647297548,90,675.1486647297548,70
675.567147850946,80,675.567147850946,70,675.567147850946,50
675.9856177600595,-20,675.9856177600595,10,675.9856177600595,0
676.4040744342666,10,676.4040744342666,10,676.4040744342666,20
676.8225178507386,80,676.8225178507386,50,676.8225178507386,50
677.2409479866467,40,677.2409479866467,0,677.2409479866467,10
677.6593648191623,30,677.6593648191623,40,677.6593648191623,0
678.0777683254566,40,678.0777683254566,-10,678.0777683254566,0
678.4961584827008,40,678.4961584827008,20,678.4961584827008,0
678.9145352680663,60,678.9145352680663,-10,678.9145352680663,30
679.3328986587243,100,679.3328986587243,40,679.3328986587243,50
679.7512486318461,80,679.7512486318461,50,679.7512486318461,80
680.169585164603,-10,680.169585164603,50,680.169585164603,50
680.5879082341661,60,680.5879082341661,10,680.5879082341661,60
681.0062178177068,0,681.0062178177068,20,681.0062178177068,0
681.4245138923965,40,681.4245138923965,10,681.4245138923965,40
681.8427964354063,50,681.8427964354063,30,681.8427964354063,0
682.2610654239074,50,682.2610654239074,50,682.2610654239074,0
682.6793208350714,0,682.6793208350714,-40,682.6793208350714,-30
683.0975626460692,40,683.0975626460692,80,683.0975626460692,0
683.5157908340723,70,683.5157908340723,80,683.5157908340723,90
683.9340053762519,60,683.9340053762519,70,683.9340053762519,10
684.3522062497792,30,684.3522062497792,20,684.3522062497792,10
684.7703934318256,30,684.7703934318256,80,684.7703934318256,20
685.1885668995624,60,685.1885668995624,80,685.1885668995624,100
685.6067266301607,30,685.6067266301607,70,685.6067266301607,60
686.0248726007919,70,686.0248726007919,70,686.0248726007919,30
686.4430047886273,-10,686.4430047886273,-20,686.4430047886273,10
686.861123170838,70,686.861123170838,50,686.861123170838,50
687.2792277245954,20,687.2792277245954,-10,687.2792277245954,20
687.6973184270709,0,687.6973184270709,-40,687.6973184270709,50
688.1153952554354,20,688.1153952554354,30,688.1153952554354,60
688.5334581868606,70,688.5334581868606,70,688.5334581868606,30
688.9515071985174,50,688.9515071985174,40,688.9515071985174,30
689.3695422675773,60,689.3695422675773,70,689.3695422675773,30
689.7875633712115,10,689.7875633712115,70,689.7875633712115,20
690.2055704865913,20,690.2055704865913,10,690.2055704865913,20
690.623563590888,-40,690.623563590888,0,690.623563590888,0
691.0415426612728,20,691.0415426612728,-30,691.0415426612728,30
691.4595076749171,60,691.4595076749171,40,691.4595076749171,20
691.8774586089919,40,691.8774586089919,60,691.8774586089919,40
692.2953954406688,20,692.2953954406688,10,692.2953954406688,-20
692.7133181471188,50,692.7133181471188,110,692.7133181471188,60
693.1312267055134,0,693.1312267055134,40,693.1312267055134,30
693.5491210930237,70,693.5491210930237,70,693.5491210930237,70
693.967001286821,50,693.967001286821,60,693.967001286821,0
694.3848672640767,100,694.3848672640767,80,694.3848672640767,60
694.8027190019619,120,694.8027190019619,60,694.8027190019619,60
695.220556477648,50,695.220556477648,60,695.220556477648,30
695.6383796683061,60,695.6383796683061,60,695.6383796683061,30
696.0561885511078,10,696.0561885511078,50,696.0561885511078,30
696.473983103224,50,696.473983103224,40,696.473983103224,70
696.8917633018262,-40,696.8917633018262,-10,696.8917633018262,0
697.3095291240857,30,697.3095291240857,80,697.3095291240857,60
697.7272805471735,80,697.7272805471735,50,697.7272805471735,100
698.1450175482612,110,698.1450175482612,50,698.1450175482612,80
698.5627401045199,120,698.5627401045199,120,698.5627401045199,120
698.9804481931208,130,698.9804481931208,80,698.9804481931208,100
699.3981417912354,130,699.3981417912354,100,699.3981417912354,110
699.8158208760348,200,699.8158208760348,120,699.8158208760348,130
700.2334854246902,190,700.2334854246902,70,700.2334854246902,150
700.6511354143731,100,700.6511354143731,70,700.6511354143731,90
701.0687708222547,150,701.0687708222547,150,701.0687708222547,50
701.4863916255061,110,701.4863916255061,100,701.4863916255061,160
701.9039978012988,160,701.9039978012988,160,701.9039978012988,120
702.3215893268041,130,702.3215893268041,60,702.3215893268041,170
702.7391661791929,200,702.7391661791929,140,702.7391661791929,140
703.1567283356369,130,703.1567283356369,130,703.1567283356369,110
703.5742757733071,90,703.5742757733071,80,703.5742757733071,100
703.991808469375,80,703.991808469375,40,703.991808469375,80
704.4093264010115,150,704.4093264010115,90,704.4093264010115,70
704.8268295453883,190,704.8268295453883,140,704.8268295453883,150
705.2443178796764,140,705.2443178796764,140,705.2443178796764,110
705.6617913810471,150,705.6617913810471,170,705.6617913810471,120
706.0792500266718,110,706.0792500266718,130,706.0792500266718,100
706.4966937937218,180,706.4966937937218,110,706.4966937937218,140
706.9141226593681,210,706.9141226593681,90,706.9141226593681,80
707.3315366007822,140,707.3315366007822,90,707.3315366007822,70
707.7489355951353,60,707.7489355951353,100,707.7489355951353,20
708.1663196195987,210,708.1663196195987,170,708.1663196195987,130
708.5836886513437,120,708.5836886513437,70,708.5836886513437,60
709.0010426675415,100,709.0010426675415,130,709.0010426675415,110
709.4183816453633,130,709.4183816453633,130,709.4183816453633,70
709.8357055619806,200,709.8357055619806,70,709.8357055619806,140
710.2530143945644,180,710.2530143945644,100,710.2530143945644,120
710.6703081202862,170,710.6703081202862,80,710.6703081202862,70
711.0875867163172,110,711.0875867163172,70,711.0875867163172,20
711.5048501598287,180,711.5048501598287,90,711.5048501598287,100
711.922098427992,160,711.922098427992,120,711.922098427992,140
712.3393314979782,150,712.3393314979782,190,712.3393314979782,100
712.7565493469586,150,712.7565493469586,110,712.7565493469586,100
713.1737519521047,190,713.1737519521047,180,713.1737519521047,140
713.5909392905875,130,713.5909392905875,70,713.5909392905875,80
714.0081113395785,220,714.0081113395785,160,714.0081113395785,170
714.4252680762488,140,714.4252680762488,100,714.4252680762488,120
714.8424094777697,200,714.8424094777697,120,714.8424094777697,160
715.2595355213125,180,715.2595355213125,90,715.2595355213125,80
715.6766461840486,160,715.6766461840486,120,715.6766461840486,120
716.093741443149,100,716.093741443149,140,716.093741443149,120
716.5108212757852,190,716.5108212757852,90,716.5108212757852,90
716.9278856591285,220,716.9278856591285,150,716.9278856591285,80
717.34493457035,180,717.34493457035,90,717.34493457035,70
717.761967986621,190,717.761967986621,120,717.761967986621,60
718.1789858851129,230,718.1789858851129,90,718.1789858851129,60
718.5959882429968,160,718.5959882429968,100,718.5959882429968,110
719.0129750374441,110,719.0129750374441,50,719.0129750374441,70
719.429946245626,180,719.429946245626,150,719.429946245626,80
719.8469018447138,240,719.8469018447138,110,719.8469018447138,90
720.2638418118788,180,720.2638418118788,100,720.2638418118788,140
720.6807661242922,220,720.6807661242922,100,720.6807661242922,50
721.0976747591254,230,721.0976747591254,140,721.0976747591254,80
721.5145676935496,180,721.5145676935496,110,721.5145676935496,30
721.9314449047359,130,721.9314449047359,150,721.9314449047359,170
722.3483063698559,190,722.3483063698559,90,722.3483063698559,140
722.7651520660806,220,722.7651520660806,110,722.7651520660806,130
723.1819819705815,230,723.1819819705815,150,723.1819819705815,160
723.5987960605296,210,723.5987960605296,170,723.5987960605296,140
724.0155943130965,260,724.0155943130965,230,724.0155943130965,160
724.4323767054532,280,724.4323767054532,160,724.4323767054532,70
724.849143214771,240,724.849143214771,150,724.849143214771,130
725.2658938182213,180,725.2658938182213,100,725.2658938182213,40
725.6826284929753,230,725.6826284929753,90,725.6826284929753,100
726.0993472162043,290,726.0993472162043,170,726.0993472162043,110
726.5160499650796,310,726.5160499650796,110,726.5160499650796,60
726.9327367167723,250,726.9327367167723,160,726.9327367167723,120
727.3494074484539,290,727.3494074484539,180,727.3494074484539,130
727.7660621372956,200,727.7660621372956,180,727.7660621372956,70
728.1827007604686,260,728.1827007604686,150,728.1827007604686,80
728.5993232951441,340,728.5993232951441,200,728.5993232951441,130
729.0159297184937,190,729.0159297184937,150,729.0159297184937,70
729.4325200076883,340,729.4325200076883,250,729.4325200076883,130
729.8490941398994,350,729.8490941398994,180,729.8490941398994,90
730.2656520922982,270,730.2656520922982,190,730.2656520922982,100
730.682193842056,330,730.682193842056,250,730.682193842056,140
731.098719366344,260,731.098719366344,180,731.098719366344,70
731.5152286423336,370,731.5152286423336,180,731.5152286423336,130
731.9317216471958,340,731.9317216471958,200,731.9317216471958,120
732.3481983581022,340,732.3481983581022,200,732.3481983581022,170
732.7646587522239,340,732.7646587522239,170,732.7646587522239,150
733.1811028067323,360,733.1811028067323,220,733.1811028067323,150
733.5975304987985,370,733.5975304987985,230,733.5975304987985,170
734.0139418055938,380,734.0139418055938,260,734.0139418055938,140
734.4303367042896,400,734.4303367042896,280,734.4303367042896,170
734.8467151720571,500,734.8467151720571,270,734.8467151720571,220
735.2630771860676,430,735.2630771860676,220,735.2630771860676,120
735.6794227234923,410,735.6794227234923,260,735.6794227234923,150
736.0957517615025,450,736.0957517615025,300,736.0957517615025,90
736.5120642772695,490,736.5120642772695,320,736.5120642772695,230
736.9283602479645,510,736.9283602479645,200,736.9283602479645,150
737.3446396507588,520,737.3446396507588,270,737.3446396507588,200
737.7609024628238,550,737.7609024628238,370,737.7609024628238,230
738.1771486613306,480,738.1771486613306,270,738.1771486613306,210
738.5933782234506,520,738.5933782234506,310,738.5933782234506,240
739.009591126355,620,739.009591126355,370,739.009591126355,220
739.4257873472152,580,739.4257873472152,290,739.4257873472152,180
739.8419668632022,560,739.8419668632022,270,739.8419668632022,200
740.2581296514875,620,740.2581296514875,330,740.2581296514875,200
740.6742756892422,590,740.6742756892422,380,740.6742756892422,290
741.0904049536379,600,741.0904049536379,360,741.0904049536379,230
741.5065174218455,740,741.5065174218455,410,741.5065174218455,220
741.9226130710364,630,741.9226130710364,380,741.9226130710364,190
742.338691878382,690,742.338691878382,380,742.338691878382,270
742.7547538210533,770,742.7547538210533,460,742.7547538210533,330
743.1707988762219,770,743.1707988762219,480,743.1707988762219,270
743.5868270210588,750,743.5868270210588,460,743.5868270210588,240
744.0028382327354,790,744.0028382327354,430,744.0028382327354,230
744.418832488423,750,744.418832488423,500,744.418832488423,270
744.8348097652928,910,744.8348097652928,480,744.8348097652928,290
745.250770040516,910,745.250770040516,610,745.250770040516,340
745.6667132912642,830,745.6667132912642,560,745.6667132912642,360
746.0826394947082,1080,746.0826394947082,560,746.0826394947082,370
746.4985486280198,1010,746.4985486280198,520,746.4985486280198,300
746.9144406683697,1140,746.9144406683697,700,746.9144406683697,310
747.3303155929295,1030,747.3303155929295,700,747.3303155929295,360
747.7461733788706,1120,747.7461733788706,600,747.7461733788706,290
748.162014003364,1170,748.162014003364,630,748.162014003364,330
748.5778374435811,1140,748.5778374435811,610,748.5778374435811,370
748.9936436766931,1270,748.9936436766931,740,748.9936436766931,360
749.4094326798713,1310,749.4094326798713,670,749.4094326798713,360
749.825204430287,1350,749.825204430287,690,749.825204430287,420
750.2409589051115,1450,750.2409589051115,780,750.2409589051115,450
750.656696081516,1360,750.656696081516,770,750.656696081516,560
751.0724159366719,1390,751.0724159366719,800,751.0724159366719,360
751.4881184477503,1650,751.4881184477503,920,751.4881184477503,530
751.9038035919225,1720,751.9038035919225,990,751.9038035919225,550
752.3194713463599,1660,752.3194713463599,940,752.3194713463599,500
752.7351216882337,1750,752.7351216882337,980,752.7351216882337,520
753.1507545947152,1770,753.1507545947152,880,753.1507545947152,520
753.5663700429754,1810,753.5663700429754,1120,753.5663700429754,570
753.981968010186,2100,753.981968010186,1090,753.981968010186,560
754.3975484735181,1970,754.3975484735181,1070,754.3975484735181,630
754.8131114101429,2150,754.8131114101429,1190,754.8131114101429,590
755.2286567972318,2110,755.2286567972318,1320,755.2286567972318,680
755.644184611956,2210,755.644184611956,1280,755.644184611956,680
756.0596948314867,2330,756.0596948314867,1350,756.0596948314867,780
756.4751874329952,2550,756.4751874329952,1450,756.4751874329952,750
756.890662393653,2630,756.890662393653,1460,756.890662393653,710
757.306119690631,2650,757.306119690631,1520,757.306119690631,720
757.7215593011008,2610,757.7215593011008,1400,757.7215593011008,780
758.1369812022334,2610,758.1369812022334,1650,758.1369812022334,820
758.5523853712002,3040,758.5523853712002,1740,758.5523853712002,950
758.9677717851725,2890,758.9677717851725,1720,758.9677717851725,990
759.3831404213217,3200,759.3831404213217,1730,759.3831404213217,910
759.7984912568188,3360,759.7984912568188,1890,759.7984912568188,990
760.2138242688352,3310,760.2138242688352,1860,760.2138242688352,1080
760.6291394345421,3510,760.6291394345421,2020,760.6291394345421,1090
761.0444367311109,3540,761.0444367311109,2170,761.0444367311109,1060
761.4597161357128,3790,761.4597161357128,2110,761.4597161357128,1090
761.8749776255191,3810,761.8749776255191,2250,761.8749776255191,1090
762.290221177701,4030,762.290221177701,2460,762.290221177701,1220
762.70544676943,3970,762.70544676943,2540,762.70544676943,1250
763.1206543778769,4270,763.1206543778769,2590,763.1206543778769,1430
763.5358439802135,4440,763.5358439802135,2800,763.5358439802135,1290
763.9510155536107,4430,763.9510155536107,2790,763.9510155536107,1470
764.36616907524,4680,764.36616907524,2790,764.36616907524,1600
764.7813045222725,4980,764.7813045222725,3040,764.7813045222725,1570
765.1964218718797,5140,765.1964218718797,3210,765.1964218718797,1760
765.6115211012326,5280,765.6115211012326,3170,765.6115211012326,1790
766.0266021875026,5330,766.0266021875026,3320,766.0266021875026,1670
766.441665107861,5540,766.441665107861,3410,766.441665107861,1770
766.8567098394791,5840,766.8567098394791,3430,766.8567098394791,1970
767.2717363595281,5770,767.2717363595281,3610,767.2717363595281,1920
767.6867446451791,6170,767.6867446451791,3620,767.6867446451791,1900
768.1017346736038,6490,768.1017346736038,3630,768.1017346736038,1970
768.5167064219731,6680,768.5167064219731,4020,768.5167064219731,2130
768.9316598674585,6880,768.9316598674585,4100,768.9316598674585,2360
769.3465949872311,7140,769.3465949872311,4350,769.3465949872311,2450
769.7615117584623,7360,769.7615117584623,4190,769.7615117584623,2240
770.1764101583233,7270,770.1764101583233,4740,770.1764101583233,2460
770.5912901639854,7690,770.5912901639854,4670,770.5912901639854,2600
771.0061517526199,8030,771.0061517526199,4830,771.0061517526199,2600
771.420994901398,8190,771.420994901398,5140,771.420994901398,2610
771.835819587491,8850,771.835819587491,5360,771.835819587491,2900
772.2506257880701,8870,772.2506257880701,5390,772.2506257880701,2780
772.6654134803068,9120,772.6654134803068,5650,772.6654134803068,2860
773.0801826413722,9370,773.0801826413722,5920,773.0801826413722,3200
773.4949332484375,9860,773.4949332484375,6240,773.4949332484375,3220
773.9096652786741,10410,773.9096652786741,6430,773.9096652786741,3440
774.3243787092533,10370,774.3243787092533,6530,774.3243787092533,3470
774.7390735173462,10380,774.7390735173462,6810,774.7390735173462,3480
775.1537496801243,11230,775.1537496801243,6850,775.1537496801243,3780
775.5684071747587,11560,775.5684071747587,7220,775.5684071747587,4040
775.9830459784208,12160,775.9830459784208,7440,775.9830459784208,3930
776.3976660682818,12350,776.3976660682818,7780,776.3976660682818,4430
776.8122674215128,12610,776.8122674215128,7970,776.8122674215128,4420
777.2268500152854,13160,777.2268500152854,8410,777.2268500152854,4450
777.6414138267708,13980,777.6414138267708,8380,777.6414138267708,4690
778.05595883314,13650,778.05595883314,8900,778.05595883314,4920
778.4704850115646,14520,778.4704850115646,9350,778.4704850115646,5100
778.8849923392156,15040,778.8849923392156,9900,778.8849923392156,5370
779.2994807932646,15910,779.2994807932646,10110,779.2994807932646,5400
779.7139503508826,16060,779.7139503508826,10250,779.7139503508826,5760
780.1284009892408,17060,780.1284009892408,10570,780.1284009892408,5870
780.5428326855108,17390,780.5428326855108,11090,780.5428326855108,6290
780.9572454168635,17920,780.9572454168635,11600,780.9572454168635,6230
781.3716391604705,18060,781.3716391604705,11750,781.3716391604705,6740
781.786013893503,19420,781.786013893503,12070,781.786013893503,7020
782.2003695931321,19330,782.2003695931321,12700,782.2003695931321,7320
782.6147062365293,20150,782.6147062365293,13300,782.6147062365293,7530
783.0290238008656,21000,783.0290238008656,13450,783.0290238008656,7870
783.4433222633126,21620,783.4433222633126,14150,783.4433222633126,8090
783.8576016010412,22370,783.8576016010412,14620,783.8576016010412,8430
784.271861791223,23170,784.271861791223,14970,784.271861791223,8630
784.6861028110291,24000,784.6861028110291,15080,784.6861028110291,8640
785.1003246376308,24530,785.1003246376308,16240,785.1003246376308,9270
785.5145272481994,25370,785.5145272481994,16530,785.5145272481994,9570
785.9287106199063,25530,785.9287106199063,17090,785.9287106199063,9790
786.3428747299224,27070,786.3428747299224,17480,786.3428747299224,10080
786.7570195554193,27730,786.7570195554193,18450,786.7570195554193,10560
787.1711450735683,28490,787.1711450735683,18890,787.1711450735683,11030
787.5852512615404,29310,787.5852512615404,19570,787.5852512615404,11280
787.999338096507,30280,787.999338096507,20750,787.999338096507,11610
788.4134055556394,31180,788.4134055556394,20630,788.4134055556394,12000
788.827453616109,32250,788.827453616109,21880,788.827453616109,12480
789.2414822550868,32300,789.2414822550868,22160,789.2414822550868,13030
789.6554914497442,33740,789.6554914497442,22820,789.6554914497442,13480
790.0694811772526,34040,790.0694811772526,23590,790.0694811772526,13980
790.4834514147831,35450,790.4834514147831,24490,790.4834514147831,14050
790.8974021395069,35870,790.8974021395069,24590,790.8974021395069,14610
791.3113333285955,37730,791.3113333285955,25150,791.3113333285955,15000
791.72524495922,38080,791.72524495922,26350,791.72524495922,15910
792.1391370085519,39520,792.1391370085519,27500,792.1391370085519,15970
792.5530094537621,39880,792.5530094537621,27970,792.5530094537621,16650
792.9668622720222,40460,792.9668622720222,28090,792.9668622720222,17190
793.3806954405034,42150,793.3806954405034,29290,793.3806954405034,17820
793.7945089363769,43100,793.7945089363769,29300,793.7945089363769,17790
794.208302736814,43390,794.208302736814,30180,794.208302736814,18620
794.6220768189859,43680,794.6220768189859,31010,794.6220768189859,19440
795.035831160064,44720,795.035831160064,32750,795.035831160064,19790
795.4495657372195,45570,795.4495657372195,32780,795.4495657372195,20160
795.8632805276237,47280,795.8632805276237,33730,795.8632805276237,20660
796.2769755084479,47630,796.2769755084479,34440,796.2769755084479,21890
796.6906506568632,48590,796.6906506568632,35740,796.6906506568632,21500
797.1043059500412,49420,797.1043059500412,36690,797.1043059500412,22740
797.5179413651529,50270,797.5179413651529,37010,797.5179413651529,23390
797.9315568793695,51630,797.9315568793695,37570,797.9315568793695,23600
798.3451524698626,52400,798.3451524698626,38320,798.3451524698626,23890
798.7587281138032,53370,798.7587281138032,39510,798.7587281138032,24940
799.1722837883627,54400,799.1722837883627,40620,799.1722837883627,25800
799.5858194707123,54340,799.5858194707123,40720,799.5858194707123,26030
799.9993351380233,55360,799.9993351380233,41440,799.9993351380233,26280
800.4128307674671,55600,800.4128307674671,42480,800.4128307674671,27590
800.8263063362148,56410,800.8263063362148,43880,800.8263063362148,27480
801.2397618214377,56920,801.2397618214377,44270,801.2397618214377,28060
801.653197200307,57460,801.653197200307,44560,801.653197200307,28720
802.0666124499942,58370,802.0666124499942,46090,802.0666124499942,29360
802.4800075476704,58720,802.4800075476704,45760,802.4800075476704,30260
802.8933824705068,59080,802.8933824705068,46790,802.8933824705068,30420
803.3067371956749,60090,803.3067371956749,47040,803.3067371956749,30800
803.7200717003459,61600,803.7200717003459,49470,803.7200717003459,32020
804.133385961691,61450,804.133385961691,48650,804.133385961691,32250
804.5466799568815,61830,804.5466799568815,50020,804.5466799568815,32990
804.9599536630886,62430,804.9599536630886,49950,804.9599536630886,33000
805.3732070574838,62130,805.3732070574838,50810,805.3732070574838,33690
805.7864401172382,62810,805.7864401172382,50660,805.7864401172382,33960
806.199652819523,63490,806.199652819523,51690,806.199652819523,34910
806.6128451415095,63270,806.6128451415095,52450,806.6128451415095,35410
807.0260170603691,63360,807.0260170603691,52910,807.0260170603691,35760
807.439168553273,64640,807.439168553273,53130,807.439168553273,35650
807.8522995973925,65080,807.8522995973925,53850,807.8522995973925,36510
808.2654101698988,64390,808.2654101698988,54380,808.2654101698988,36500
808.6785002479633,65080,808.6785002479633,54620,808.6785002479633,37270
809.0915698087572,64220,809.0915698087572,54970,809.0915698087572,37050
809.5046188294516,64550,809.5046188294516,55120,809.5046188294516,38080
809.9176472872182,64390,809.9176472872182,55420,809.9176472872182,38000
810.3306551592277,64490,810.3306551592277,55270,810.3306551592277,38050
810.7436424226519,64930,810.7436424226519,55420,810.7436424226519,38680
811.1566090546619,64420,811.1566090546619,55630,811.1566090546619,38240
811.5695550324288,63820,811.5695550324288,55770,811.5695550324288,38450
811.9824803331239,63880,811.9824803331239,56050,811.9824803331239,39120
812.3953849339188,64230,812.3953849339188,55550,812.3953849339188,39030
812.8082688119844,63350,812.8082688119844,55750,812.8082688119844,38970
813.2211319444922,63250,813.2211319444922,55720,813.2211319444922,39540
813.6339743086132,63500,813.6339743086132,56130,813.6339743086132,39280
814.0467958815191,62730,814.0467958815191,55350,814.0467958815191,39050
814.4595966403808,62450,814.4595966403808,54760,814.4595966403808,39380
814.8723765623697,61690,814.8723765623697,54890,814.8723765623697,38910
815.2851356246572,60960,815.2851356246572,55180,815.2851356246572,39560
815.6978738044143,61150,815.6978738044143,54700,815.6978738044143,38810
816.1105910788125,60750,816.1105910788125,53890,816.1105910788125,38360
816.5232874250229,60760,816.5232874250229,53500,816.5232874250229,38230
816.9359628202169,60480,816.9359628202169,53680,816.9359628202169,38620
817.3486172415658,59400,817.3486172415658,53680,817.3486172415658,38440
817.7612506662408,59550,817.7612506662408,52820,817.7612506662408,37810
818.173863071413,58440,818.173863071413,52000,818.173863071413,37220
818.586454434254,57780,818.586454434254,52230,818.586454434254,37550
818.9990247319349,56900,818.9990247319349,51380,818.9990247319349,37330
819.4115739416271,56840,819.4115739416271,51330,819.4115739416271,36970
819.8241020405017,55330,819.8241020405017,50900,819.8241020405017,36340
820.23660900573,54530,820.23660900573,50330,820.23660900573,36060
820.6490948144833,54730,820.6490948144833,48970,820.6490948144833,35730
821.0615594439329,54090,821.0615594439329,49380,821.0615594439329,35790
821.47400287125,52530,821.47400287125,48840,821.47400287125,35340
821.886425073606,52850,821.886425073606,48630,821.886425073606,34790
822.2988260281721,51720,822.2988260281721,47490,822.2988260281721,33740
822.7112057121196,51040,822.7112057121196,46840,822.7112057121196,33650
823.1235641026198,50240,823.1235641026198,46800,823.1235641026198,33350
823.5359011768437,49810,823.5359011768437,45360,823.5359011768437,33200
823.948216911963,49580,823.948216911963,45200,823.948216911963,32310
824.3605112851486,48580,824.3605112851486,44250,824.3605112851486,31750
824.772784273572,48370,824.772784273572,44370,824.772784273572,31680
825.1850358544044,46880,825.1850358544044,44130,825.1850358544044,31400
825.5972660048171,46500,825.5972660048171,42860,825.5972660048171,31220
826.0094747019814,45590,826.0094747019814,42610,826.0094747019814,30490
826.4216619230683,45360,826.4216619230683,41550,826.4216619230683,30550
826.8338276452496,44500,826.8338276452496,40640,826.8338276452496,30270
827.245971845696,44190,827.245971845696,40450,827.245971845696,29720
827.6580945015792,43580,827.6580945015792,39900,827.6580945015792,28860
828.0701955900702,42130,828.0701955900702,39150,828.0701955900702,28560
828.4822750883404,41670,828.4822750883404,38830,828.4822750883404,28080
828.8943329735612,41260,828.8943329735612,37850,828.8943329735612,27630
829.3063692229035,40880,829.3063692229035,37700,829.3063692229035,27590
829.7183838135389,39550,829.7183838135389,36510,829.7183838135389,26870
830.1303767226386,39670,830.1303767226386,36310,830.1303767226386,27300
830.5423479273738,37790,830.5423479273738,35900,830.5423479273738,26730
830.9542974049158,37750,830.9542974049158,34260,830.9542974049158,25800
831.3662251324358,36770,831.3662251324358,34490,831.3662251324358,25650
831.7781310871054,35860,831.7781310871054,34340,831.7781310871054,25340
832.1900152460954,35670,832.1900152460954,33770,832.1900152460954,24690
832.6018775865774,35330,832.6018775865774,33130,832.6018775865774,24470
833.0137180857226,34610,833.0137180857226,32320,833.0137180857226,23810
833.4255367207022,34050,833.4255367207022,31560,833.4255367207022,23240
833.8373334686876,33330,833.8373334686876,31090,833.8373334686876,23130
834.2491083068498,33020,834.2491083068498,30700,834.2491083068498,22590
834.6608612123605,31650,834.6608612123605,30280,834.6608612123605,21950
835.0725921623905,31300,835.0725921623905,29770,835.0725921623905,21350
835.4843011341114,30790,835.4843011341114,29480,835.4843011341114,21630
835.8959881046944,29870,835.8959881046944,28320,835.8959881046944,20850
836.3076530513108,29530,836.3076530513108,28490,836.3076530513108,20860
836.7192959511317,29360,836.7192959511317,27080,836.7192959511317,20080
837.1309167813286,28700,837.1309167813286,26960,837.1309167813286,19420
837.5425155190726,27530,837.5425155190726,26050,837.5425155190726,19260
837.954092141535,27150,837.954092141535,25480,837.954092141535,18670
838.3656466258872,26920,838.3656466258872,25340,838.3656466258872,18270
838.7771789493004,26280,838.7771789493004,24400,838.7771789493004,18240
839.1886890889458,25500,839.1886890889458,24300,839.1886890889458,17720
839.6001770219947,24930,839.6001770219947,23310,839.6001770219947,17290
840.0116427256185,24220,840.0116427256185,23210,840.0116427256185,16790
840.4230861769882,23520,840.4230861769882,22600,840.4230861769882,16390
840.8345073532753,23390,840.8345073532753,22000,840.8345073532753,16130
841.2459062316511,22680,841.2459062316511,21710,841.2459062316511,15520
841.6572827892867,22480,841.6572827892867,21260,841.6572827892867,15260
842.0686370033535,21590,842.0686370033535,20490,842.0686370033535,14610
842.4799688510227,21130,842.4799688510227,20500,842.4799688510227,14770
842.8912783094656,21150,842.8912783094656,19510,842.8912783094656,14010
843.3025653558536,20160,843.3025653558536,19470,843.3025653558536,13820
843.7138299673577,19240,843.7138299673577,18900,843.7138299673577,13710
844.1250721211493,19310,844.1250721211493,18950,844.1250721211493,13080
844.5362917943999,18840,844.5362917943999,18100,844.5362917943999,13150
844.9474889642803,18110,844.9474889642803,17370,844.9474889642803,12750
845.3586636079622,17890,845.3586636079622,16860,845.3586636079622,12420
845.7698157026166,17530,845.7698157026166,16460,845.7698157026166,11890
846.1809452254149,16980,846.1809452254149,16010,846.1809452254149,11500
846.5920521535284,16360,846.5920521535284,15640,846.5920521535284,11060
847.0031364641284,15850,847.0031364641284,15350,847.0031364641284,10730
847.414198134386,15970,847.414198134386,15040,847.414198134386,10830
847.8252371414725,15400,847.8252371414725,14790,847.8252371414725,10510
848.2362534625593,15320,848.2362534625593,13780,848.2362534625593,9780
848.6472470748176,14960,848.6472470748176,14120,848.6472470748176,9790
849.0582179554187,14500,849.0582179554187,13130,849.0582179554187,9570
849.4691660815339,13740,849.4691660815339,13260,849.4691660815339,9140
849.8800914303343,14050,849.8800914303343,12970,849.8800914303343,8910
850.2909939789914,13100,850.2909939789914,12440,850.2909939789914,8740
850.7018737046764,12410,850.7018737046764,12000,850.7018737046764,8400
851.1127305845605,12340,851.1127305845605,11830,851.1127305845605,8300
851.5235645958151,12050,851.5235645958151,11390,851.5235645958151,8240
851.9343757156112,11800,851.9343757156112,10960,851.9343757156112,7880
852.3451639211203,11130,852.3451639211203,10730,852.3451639211203,7310
852.7559291895137,11170,852.7559291895137,10430,852.7559291895137,7350
853.1666714979626,10780,853.1666714979626,9970,853.1666714979626,7070
853.5773908236383,10260,853.5773908236383,10250,853.5773908236383,7180
853.9880871437119,10280,853.9880871437119,9710,853.9880871437119,6650
854.3987604353549,10180,854.3987604353549,9470,854.3987604353549,6420
854.8094106757387,9770,854.8094106757387,9040,854.8094106757387,6270
855.2200378420341,9190,855.2200378420341,8780,855.2200378420341,6050
855.6306419114128,8960,855.6306419114128,8500,855.6306419114128,5970
856.0412228610458,8860,856.0412228610458,8010,856.0412228610458,5740
856.4517806681044,8600,856.4517806681044,8220,856.4517806681044,5330
856.8623153097601,8200,856.8623153097601,7660,856.8623153097601,5430
857.272826763184,8000,857.272826763184,7700,857.272826763184,5210
857.6833150055475,7960,857.6833150055475,7110,857.6833150055475,5330
858.0937800140216,7450,858.0937800140216,7250,858.0937800140216,4740
858.5042217657777,7460,858.5042217657777,6850,858.5042217657777,4680
858.9146402379872,7200,858.9146402379872,6700,858.9146402379872,4490
859.3250354078214,7160,859.3250354078214,6520,859.3250354078214,4380
859.7354072524513,6550,859.7354072524513,6420,859.7354072524513,4450
860.1457557490484,6690,860.1457557490484,6010,860.1457557490484,4080
860.5560808747838,6520,860.5560808747838,6040,860.5560808747838,4190
860.9663826068289,6320,860.9663826068289,5590,860.9663826068289,3790
861.3766609223551,6040,861.3766609223551,5610,861.3766609223551,3690
861.7869157985333,5900,861.7869157985333,5260,861.7869157985333,3710
862.1971472125351,5850,862.1971472125351,5360,862.1971472125351,3420
862.6073551415317,5850,862.6073551415317,5270,862.6073551415317,3390
863.0175395626943,5410,863.0175395626943,4880,863.0175395626943,3250
863.4277004531941,5070,863.4277004531941,4870,863.4277004531941,3190
863.8378377902027,4850,863.8378377902027,4740,863.8378377902027,3020
864.247951550891,4930,864.247951550891,4640,864.247951550891,3160
864.6580417124303,5060,864.6580417124303,4110,864.6580417124303,2970
865.0681082519922,4610,865.0681082519922,4240,865.0681082519922,3110
865.4781511467477,4630,865.4781511467477,3920,865.4781511467477,2870
865.8881703738681,4480,865.8881703738681,3910,865.8881703738681,2560
866.2981659105247,4080,866.2981659105247,3870,866.2981659105247,2740
866.7081377338889,4020,866.7081377338889,3710,866.7081377338889,2540
867.1180858211318,4010,867.1180858211318,3530,867.1180858211318,2510
867.5280101494246,3940,867.5280101494246,3440,867.5280101494246,2410
867.9379106959389,3830,867.9379106959389,3390,867.9379106959389,2350
868.3477874378457,3810,868.3477874378457,3350,868.3477874378457,2220
868.7576403523162,3660,868.7576403523162,3020,868.7576403523162,2290
869.167469416522,3550,869.167469416522,3160,869.167469416522,2110
869.5772746076341,3380,869.5772746076341,3040,869.5772746076341,2020
869.9870559028238,3100,869.9870559028238,3010,869.9870559028238,2010
870.3968132792625,3150,870.3968132792625,2740,870.3968132792625,1910
870.8065467141214,3070,870.8065467141214,2640,870.8065467141214,1830
871.2162561845718,3000,871.2162561845718,2770,871.2162561845718,1820
871.6259416677849,2800,871.6259416677849,2490,871.6259416677849,1610
872.0356031409319,2910,872.0356031409319,2470,872.0356031409319,1680
872.4452405811844,2790,872.4452405811844,2480,872.4452405811844,1690
872.8548539657133,2930,872.8548539657133,2370,872.8548539657133,1660
873.2644432716902,2520,873.2644432716902,2280,873.2644432716902,1550
873.6740084762862,2550,873.6740084762862,2250,873.6740084762862,1630
874.0835495566724,2460,874.0835495566724,2160,874.0835495566724,1570
874.4930664900203,2380,874.4930664900203,1990,874.4930664900203,1450
874.9025592535013,2350,874.9025592535013,2150,874.9025592535013,1300
875.3120278242864,2340,875.3120278242864,2100,875.3120278242864,1460
875.7214721795468,2110,875.7214721795468,2030,875.7214721795468,1270
876.1308922964541,2200,876.1308922964541,2000,876.1308922964541,1290
876.5402881521794,2060,876.5402881521794,1870,876.5402881521794,1330
876.949659723894,2080,876.949659723894,1920,876.949659723894,1210
877.3590069887691,2220,877.3590069887691,1770,877.3590069887691,1150
877.768329923976,1990,877.768329923976,1560,877.768329923976,1060
878.177628506686,1740,878.177628506686,1640,878.177628506686,1100
878.5869027140704,1900,878.5869027140704,1550,878.5869027140704,1130
878.9961525233005,1790,878.9961525233005,1590,878.9961525233005,940
879.4053779115475,1790,879.4053779115475,1500,879.4053779115475,910
879.8145788559826,1780,879.8145788559826,1370,879.8145788559826,900
880.2237553337773,1730,880.2237553337773,1500,880.2237553337773,1030
880.6329073221027,1520,880.6329073221027,1400,880.6329073221027,910
881.04203479813,1500,881.04203479813,1330,881.04203479813,850
881.4511377390306,1550,881.4511377390306,1290,881.4511377390306,890
881.8602161219758,1300,881.8602161219758,1160,881.8602161219758,740
882.2692699241368,1560,882.2692699241368,1320,882.2692699241368,770
882.6782991226848,1290,882.6782991226848,1090,882.6782991226848,710
883.0873036947912,1240,883.0873036947912,1220,883.0873036947912,840
883.4962836176273,1420,883.4962836176273,1040,883.4962836176273,810
883.9052388683643,1280,883.9052388683643,1110,883.9052388683643,740
884.3141694241735,1210,884.3141694241735,1050,884.3141694241735,660
884.7230752622261,1290,884.7230752622261,980,884.7230752622261,680
885.1319563596935,1290,885.1319563596935,1050,885.1319563596935,760
885.5408126937468,1320,885.5408126937468,1010,885.5408126937468,660
885.9496442415574,1160,885.9496442415574,1000,885.9496442415574,750
886.3584509802965,1190,886.3584509802965,1010,886.3584509802965,700
886.7672328871356,1210,886.7672328871356,930,886.7672328871356,590
887.1759899392455,1040,887.1759899392455,870,887.1759899392455,700
887.584722113798,990,887.584722113798,820,887.584722113798,560
887.9934293879639,940,887.9934293879639,840,887.9934293879639,570
888.4021117389149,900,888.4021117389149,900,888.4021117389149,690
888.810769143822,1060,888.810769143822,830,888.810769143822,600
889.2194015798565,1040,889.2194015798565,820,889.2194015798565,510
889.6280090241899,960,889.6280090241899,710,889.6280090241899,470
890.036591453993,970,890.036591453993,730,890.036591453993,530
890.4451488464375,1000,890.4451488464375,870,890.4451488464375,630
890.8536811786946,910,890.8536811786946,800,890.8536811786946,490
891.2621884279354,800,891.2621884279354,730,891.2621884279354,550
891.6706705713314,930,891.6706705713314,730,891.6706705713314,560
892.0791275860536,930,892.0791275860536,730,892.0791275860536,530
892.4875594492735,730,892.4875594492735,730,892.4875594492735,470
892.8959661381623,770,892.8959661381623,670,892.8959661381623,440
893.3043476298913,810,893.3043476298913,730,893.3043476298913,400
893.7127039016316,680,893.7127039016316,520,893.7127039016316,500
894.1210349305546,800,894.1210349305546,680,894.1210349305546,500
894.5293406938317,660,894.5293406938317,570,894.5293406938317,360
894.937621168634,760,894.937621168634,570,894.937621168634,400
895.3458763321329,760,895.3458763321329,530,895.3458763321329,420
895.7541061614995,750,895.7541061614995,580,895.7541061614995,460
896.1623106339052,670,896.1623106339052,500,896.1623106339052,410
896.5704897265213,710,896.5704897265213,590,896.5704897265213,460
896.9786434165189,700,896.9786434165189,590,896.9786434165189,430
897.3867716810695,660,897.3867716810695,500,897.3867716810695,410
897.7948744973442,680,897.7948744973442,650,897.7948744973442,380
898.2029518425143,600,898.2029518425143,550,898.2029518425143,370
898.6110036937512,660,898.6110036937512,500,898.6110036937512,380
899.019030028226,550,899.019030028226,450,899.019030028226,340
899.42703082311,630,899.42703082311,510,899.42703082311,300
899.8350060555746,590,899.8350060555746,530,899.8350060555746,290
900.242955702791,580,900.242955702791,410,900.242955702791,280
900.6508797419303,500,900.6508797419303,350,900.6508797419303,220
901.0587781501642,400,901.0587781501642,350,901.0587781501642,280
901.4666509046635,480,901.4666509046635,400,901.4666509046635,320
901.8744979825998,490,901.8744979825998,390,901.8744979825998,240
902.2823193611441,430,902.2823193611441,360,902.2823193611441,330
902.690115017468,490,902.690115017468,370,902.690115017468,260
903.0978849287425,460,903.0978849287425,350,903.0978849287425,300
903.505629072139,440,903.505629072139,420,903.505629072139,280
903.9133474248285,460,903.9133474248285,290,903.9133474248285,210
904.3210399639829,450,904.3210399639829,310,904.3210399639829,220
904.7287066667728,480,904.7287066667728,420,904.7287066667728,300
905.1363475103699,450,905.1363475103699,400,905.1363475103699,230
905.5439624719453,470,905.5439624719453,370,905.5439624719453,280
905.9515515286703,390,905.9515515286703,410,905.9515515286703,200
906.3591146577162,420,906.3591146577162,340,906.3591146577162,310
906.7666518362541,390,906.7666518362541,400,906.7666518362541,270
907.1741630414556,360,907.1741630414556,330,907.1741630414556,230
907.5816482504916,350,907.5816482504916,310,907.5816482504916,250
907.9891074405336,340,907.9891074405336,210,907.9891074405336,210
908.3965405887529,420,908.3965405887529,340,908.3965405887529,270
908.8039476723206,340,908.8039476723206,240,908.8039476723206,160
909.2113286684082,310,909.2113286684082,280,909.2113286684082,170
909.6186835541869,440,909.6186835541869,270,909.6186835541869,310
910.0260123068279,340,910.0260123068279,260,910.0260123068279,190
910.4333149035024,320,910.4333149035024,270,910.4333149035024,140
910.8405913213817,400,910.8405913213817,290,910.8405913213817,200
911.2478415376372,310,911.2478415376372,250,911.2478415376372,210
911.6550655294402,390,911.6550655294402,260,911.6550655294402,260
912.0622632739617,410,912.0622632739617,220,912.0622632739617,210
912.4694347483733,370,912.4694347483733,280,912.4694347483733,160
912.876579929846,330,912.876579929846,250,912.876579929846,100
913.2836987955513,350,913.2836987955513,290,913.2836987955513,160
913.6907913226603,330,913.6907913226603,260,913.6907913226603,220
914.0978574883445,270,914.0978574883445,250,914.0978574883445,150
914.5048972697748,370,914.5048972697748,280,914.5048972697748,170
914.9119106441228,310,914.9119106441228,290,914.9119106441228,180
915.3188975885596,270,915.3188975885596,260,915.3188975885596,210
915.7258580802566,270,915.7258580802566,240,915.7258580802566,210
916.132792096385,270,916.132792096385,310,916.132792096385,170
916.539699614116,260,916.539699614116,180,916.539699614116,70
916.9465806106209,320,916.9465806106209,210,916.9465806106209,140
917.3534350630712,300,917.3534350630712,180,917.3534350630712,120
917.7602629486378,270,917.7602629486378,230,917.7602629486378,170
918.1670642444922,150,918.1670642444922,160,918.1670642444922,160
918.5738389278056,250,918.5738389278056,200,918.5738389278056,170
918.9805869757495,260,918.9805869757495,230,918.9805869757495,190
919.3873083654947,270,919.3873083654947,270,919.3873083654947,210
919.7940030742129,250,919.7940030742129,210,919.7940030742129,180
920.2006710790752,190,920.2006710790752,240,920.2006710790752,150
920.607312357253,220,920.607312357253,160,920.607312357253,150
921.0139268859173,280,921.0139268859173,190,921.0139268859173,160
921.4205146422396,240,921.4205146422396,190,921.4205146422396,150
921.8270756033912,210,921.8270756033912,210,921.8270756033912,150
922.2336097465432,140,922.2336097465432,150,922.2336097465432,100
922.6401170488668,280,922.6401170488668,180,922.6401170488668,170
923.0465974875336,280,923.0465974875336,230,923.0465974875336,210
923.4530510397146,250,923.4530510397146,210,923.4530510397146,160
923.8594776825813,210,923.8594776825813,200,923.8594776825813,140
924.2658773933049,260,924.2658773933049,200,924.2658773933049,150
924.6722501490564,230,924.6722501490564,250,924.6722501490564,190
925.0785959270074,220,925.0785959270074,190,925.0785959270074,70
925.484914704329,250,925.484914704329,200,925.484914704329,110
925.8912064581925,220,925.8912064581925,180,925.8912064581925,150
926.2974711657694,200,926.2974711657694,210,926.2974711657694,120
926.7037088042305,190,926.7037088042305,140,926.7037088042305,100
927.1099193507475,120,927.1099193507475,60,927.1099193507475,80
927.5161027824915,200,927.5161027824915,170,927.5161027824915,160
927.9222590766337,250,927.9222590766337,120,927.9222590766337,120
928.3283882103456,300,928.3283882103456,220,928.3283882103456,120
928.7344901607983,220,928.7344901607983,230,928.7344901607983,90
929.140564905163,290,929.140564905163,240,929.140564905163,200
929.5466124206112,190,929.5466124206112,110,929.5466124206112,70
929.952632684314,230,929.952632684314,170,929.952632684314,130
930.3586256734427,180,930.3586256734427,140,930.3586256734427,80
930.7645913651686,260,930.7645913651686,220,930.7645913651686,170
931.170529736663,210,931.170529736663,210,931.170529736663,160
931.5764407650972,250,931.5764407650972,260,931.5764407650972,150
931.9823244276423,150,931.9823244276423,180,931.9823244276423,110
932.3881807014698,160,932.3881807014698,170,932.3881807014698,120
932.7940095637507,210,932.7940095637507,150,932.7940095637507,170
933.1998109916565,230,933.1998109916565,200,933.1998109916565,140
933.6055849623583,190,933.6055849623583,160,933.6055849623583,80
934.0113314530277,200,934.0113314530277,180,934.0113314530277,150
934.4170504408355,240,934.4170504408355,210,934.4170504408355,170
934.8227419029533,120,934.8227419029533,200,934.8227419029533,120
935.2284058165524,150,935.2284058165524,80,935.2284058165524,90
935.6340421588038,210,935.6340421588038,210,935.6340421588038,140
936.0396509068789,180,936.0396509068789,150,936.0396509068789,140
936.4452320379492,170,936.4452320379492,130,936.4452320379492,110
936.8507855291857,130,936.8507855291857,130,936.8507855291857,50
937.2563113577596,190,937.2563113577596,190,937.2563113577596,210
937.6618095008425,120,937.6618095008425,130,937.6618095008425,50
938.0672799356055,120,938.0672799356055,120,938.0672799356055,100
938.4727226392197,180,938.4727226392197,190,938.4727226392197,130
938.8781375888566,130,938.8781375888566,140,938.8781375888566,90
939.2835247616874,200,939.2835247616874,150,939.2835247616874,120
939.6888841348834,190,939.6888841348834,150,939.6888841348834,170
940.094215685616,140,940.094215685616,110,940.094215685616,140
940.4995193910561,100,940.4995193910561,80,940.4995193910561,40
940.9047952283753,150,940.9047952283753,110,940.9047952283753,130
941.3100431747447,150,941.3100431747447,140,941.3100431747447,180
941.7152632073357,140,941.7152632073357,210,941.7152632073357,60
942.1204553033194,230,942.1204553033194,210,942.1204553033194,160
942.5256194398673,150,942.5256194398673,140,942.5256194398673,80
942.9307555941506,130,942.9307555941506,130,942.9307555941506,110
943.3358637433405,200,943.3358637433405,90,943.3358637433405,90
943.7409438646082,190,943.7409438646082,170,943.7409438646082,100
944.145995935125,150,944.145995935125,170,944.145995935125,100
944.5510199320624,190,944.5510199320624,170,944.5510199320624,180
944.9560158325916,130,944.9560158325916,70,944.9560158325916,70
945.3609836138837,210,945.3609836138837,150,945.3609836138837,100
945.76592325311,270,945.76592325311,150,945.76592325311,170
946.1708347274418,210,946.1708347274418,220,946.1708347274418,130
946.5757180140505,150,946.5757180140505,150,946.5757180140505,170
946.9805730901073,170,946.9805730901073,160,946.9805730901073,120
947.3853999327832,180,947.3853999327832,110,947.3853999327832,160
947.79019851925,170,947.79019851925,80,947.79019851925,100
948.1949688266786,150,948.1949688266786,160,948.1949688266786,100
948.5997108322404,180,948.5997108322404,110,948.5997108322404,90
949.0044245131066,210,949.0044245131066,140,949.0044245131066,50
949.4091098464485,110,949.4091098464485,150,949.4091098464485,150
949.8137668094374,140,949.8137668094374,100,949.8137668094374,80
950.2183953792446,180,950.2183953792446,150,950.2183953792446,80
950.6229955330411,100,950.6229955330411,100,950.6229955330411,50
951.0275672479986,140,951.0275672479986,50,951.0275672479986,20
951.4321105012882,140,951.4321105012882,130,951.4321105012882,110
951.836625270081,130,951.836625270081,70,951.836625270081,40
952.2411115315485,130,952.2411115315485,110,952.2411115315485,100
952.6455692628618,140,952.6455692628618,70,952.6455692628618,40
953.0499984411924,160,953.0499984411924,90,953.0499984411924,90
953.4543990437114,190,953.4543990437114,200,953.4543990437114,150
953.8587710475899,170,953.8587710475899,110,953.8587710475899,110
954.2631144299996,160,954.2631144299996,140,954.2631144299996,70
954.6674291681115,100,954.6674291681115,100,954.6674291681115,100
955.0717152390969,150,955.0717152390969,120,955.0717152390969,100
955.475972620127,110,955.475972620127,120,955.475972620127,110
955.8802012883732,90,955.8802012883732,130,955.8802012883732,80
956.2844012210069,100,956.2844012210069,140,956.2844012210069,50
956.688572395199,100,956.688572395199,160,956.688572395199,120
957.092714788121,210,957.092714788121,210,957.092714788121,120
957.4968283769442,160,957.4968283769442,150,957.4968283769442,80
957.9009131388399,150,957.9009131388399,70,957.9009131388399,30
958.3049690509791,140,958.3049690509791,170,958.3049690509791,100
958.7089960905334,140,958.7089960905334,150,958.7089960905334,90
959.112994234674,140,959.112994234674,130,959.112994234674,60
959.516963460572,80,959.516963460572,80,959.516963460572,50
959.9209037453987,160,959.9209037453987,160,959.9209037453987,50
960.3248150663256,70,960.3248150663256,40,960.3248150663256,60
960.7286974005237,230,960.7286974005237,130,960.7286974005237,110
961.1325507251646,170,961.1325507251646,150,961.1325507251646,140
961.5363750174192,190,961.5363750174192,120,961.5363750174192,90
961.940170254459,110,961.940170254459,120,961.940170254459,50
962.3439364134551,110,962.3439364134551,40,962.3439364134551,120
962.7476734715791,80,962.7476734715791,50,962.7476734715791,30
963.151381406002,130,963.151381406002,150,963.151381406002,90
963.5550601938951,160,963.5550601938951,120,963.5550601938951,50
963.9587098124296,200,963.9587098124296,100,963.9587098124296,70
964.362330238777,140,964.362330238777,60,964.362330238777,100
964.7659214501084,140,964.7659214501084,130,964.7659214501084,120
965.169483423595,100,965.169483423595,100,965.169483423595,70
965.5730161364083,70,965.5730161364083,100,965.5730161364083,90
965.9765195657195,80,965.9765195657195,150,965.9765195657195,100
966.3799936886999,140,966.3799936886999,50,966.3799936886999,110
966.7834384825205,150,966.7834384825205,130,966.7834384825205,120
967.1868539243529,150,967.1868539243529,140,967.1868539243529,90
967.5902399913683,160,967.5902399913683,150,967.5902399913683,110
967.9935966607379,180,967.9935966607379,110,967.9935966607379,110
968.3969239096328,120,968.3969239096328,130,968.3969239096328,60
968.8002217152248,200,968.8002217152248,100,968.8002217152248,120
969.2034900546846,130,969.2034900546846,120,969.2034900546846,50
969.6067289051837,150,969.6067289051837,130,969.6067289051837,80
970.0099382438934,170,970.0099382438934,150,970.0099382438934,130
970.4131180479851,110,970.4131180479851,30,970.4131180479851,10
970.8162682946298,130,970.8162682946298,40,970.8162682946298,80
971.2193889609989,80,971.2193889609989,100,971.2193889609989,30
971.6224800242637,130,971.6224800242637,100,971.6224800242637,100
972.0255414615955,110,972.0255414615955,50,972.0255414615955,50
972.4285732501654,100,972.4285732501654,140,972.4285732501654,70
972.8315753671449,90,972.8315753671449,80,972.8315753671449,80
973.2345477897051,80,973.2345477897051,90,973.2345477897051,10
973.6374904950173,90,973.6374904950173,140,973.6374904950173,80
974.040403460253,140,974.040403460253,70,974.040403460253,40
974.443286662583,90,974.443286662583,100,974.443286662583,90
974.8461400791789,90,974.8461400791789,60,974.8461400791789,120
975.248963687212,70,975.248963687212,110,975.248963687212,60
975.6517574638535,80,975.6517574638535,140,975.6517574638535,70
976.0545213862747,30,976.0545213862747,60,976.0545213862747,80
976.4572554316467,80,976.4572554316467,120,976.4572554316467,10
976.859959577141,120,976.859959577141,80,976.859959577141,90
977.2626337999288,110,977.2626337999288,110,977.2626337999288,80
977.6652780771813,160,977.6652780771813,150,977.6652780771813,100
978.0678923860698,80,978.0678923860698,30,978.0678923860698,20
978.4704767037656,80,978.4704767037656,60,978.4704767037656,50
978.87303100744,170,978.87303100744,110,978.87303100744,60
979.2755552742642,140,979.2755552742642,110,979.2755552742642,40
979.6780494814096,80,979.6780494814096,70,979.6780494814096,-10
980.0805136060474,170,980.0805136060474,90,980.0805136060474,50
980.4829476253487,140,980.4829476253487,110,980.4829476253487,0
980.885351516485,130,980.885351516485,120,980.885351516485,80
981.2877252566275,150,981.2877252566275,150,981.2877252566275,130
981.6900688229475,110,981.6900688229475,110,981.6900688229475,100
982.0923821926162,160,982.0923821926162,120,982.0923821926162,110
982.4946653428051,140,982.4946653428051,190,982.4946653428051,80
982.8969182506851,90,982.8969182506851,130,982.8969182506851,70
983.2991408934276,160,983.2991408934276,170,983.2991408934276,120
983.701333248204,110,983.701333248204,110,983.701333248204,80
984.1034952921856,120,984.1034952921856,90,984.1034952921856,30
984.5056270025435,110,984.5056270025435,50,984.5056270025435,50
984.9077283564491,170,984.9077283564491,100,984.9077283564491,110
985.3097993310736,160,985.3097993310736,90,985.3097993310736,120
985.7118399035883,140,985.7118399035883,50,985.7118399035883,50
986.1138500511644,100,986.1138500511644,80,986.1138500511644,40
986.5158297509732,170,986.5158297509732,100,986.5158297509732,90
986.9177789801861,80,986.9177789801861,100,986.9177789801861,50
987.3196977159744,140,987.3196977159744,120,987.3196977159744,90
987.721585935509,110,987.721585935509,110,987.721585935509,70
988.1234436159616,90,988.1234436159616,40,988.1234436159616,70
988.5252707345032,120,988.5252707345032,90,988.5252707345032,60
988.9270672683052,170,988.9270672683052,90,988.9270672683052,100
989.3288331945389,100,989.3288331945389,90,989.3288331945389,80
989.7305684903754,90,989.7305684903754,50,989.7305684903754,70
990.1322731329861,120,990.1322731329861,90,990.1322731329861,100
990.5339470995423,10,990.5339470995423,0,990.5339470995423,0
990.9355903672154,130,990.9355903672154,30,990.9355903672154,10
991.3372029131763,130,991.3372029131763,130,991.3372029131763,70
991.7387847145965,180,991.7387847145965,110,991.7387847145965,90
992.1403357486472,40,992.1403357486472,130,992.1403357486472,60
992.5418559924998,150,992.5418559924998,40,992.5418559924998,30
992.9433454233254,160,992.9433454233254,50,992.9433454233254,90
993.3448040182955,190,993.3448040182955,110,993.3448040182955,90
993.7462317545811,60,993.7462317545811,50,993.7462317545811,10
994.1476286093537,70,994.1476286093537,30,994.1476286093537,60
994.5489945597844,120,994.5489945597844,30,994.5489945597844,100
994.9503295830445,150,994.9503295830445,140,994.9503295830445,110
995.3516336563055,120,995.3516336563055,150,995.3516336563055,50
995.7529067567384,130,995.7529067567384,50,995.7529067567384,20
996.1541488615146,160,996.1541488615146,100,996.1541488615146,120
996.5553599478053,50,996.5553599478053,70,996.5553599478053,0
996.9565399927818,170,996.9565399927818,140,996.9565399927818,60
997.3576889736155,180,997.3576889736155,90,997.3576889736155,70
997.7588068674775,120,997.7588068674775,120,997.7588068674775,50
998.1598936515389,100,998.1598936515389,160,998.1598936515389,60
998.5609493029715,110,998.5609493029715,60,998.5609493029715,50
998.9619737989461,160,998.9619737989461,130,998.9619737989461,120
999.3629671166341,150,999.3629671166341,90,999.3629671166341,40
999.7639292332069,150,999.7639292332069,100,999.7639292332069,70
1000.1648601258358,150,1000.1648601258358,60,1000.1648601258358,90
1000.5657597716919,120,1000.5657597716919,100,1000.5657597716919,90
1000.9666281479465,60,1000.9666281479465,80,1000.9666281479465,60
1001.3674652317708,140,1001.3674652317708,100,1001.3674652317708,60
1001.7682710003363,110,1001.7682710003363,150,1001.7682710003363,110
1002.1690454308141,150,1002.1690454308141,140,1002.1690454308141,100
1002.5697885003756,130,1002.5697885003756,60,1002.5697885003756,-10
1002.9705001861919,150,1002.9705001861919,100,1002.9705001861919,30
1003.3711804654343,170,1003.3711804654343,130,1003.3711804654343,100
1003.7718293152743,130,1003.7718293152743,120,1003.7718293152743,40
1004.1724467128829,60,1004.1724467128829,40,1004.1724467128829,30
1004.5730326354314,90,1004.5730326354314,90,1004.5730326354314,10
1004.9735870600914,210,1004.9735870600914,150,1004.9735870600914,130
1005.3741099640338,110,1005.3741099640338,80,1005.3741099640338,80
1005.7746013244298,90,1005.7746013244298,130,1005.7746013244298,100
1006.1750611184511,30,1006.1750611184511,120,1006.1750611184511,20
1006.5754893232687,40,1006.5754893232687,40,1006.5754893232687,70
1006.9758859160538,110,1006.9758859160538,90,1006.9758859160538,130
1007.376250873978,190,1007.376250873978,130,1007.376250873978,30
1007.7765841742122,140,1007.7765841742122,40,1007.7765841742122,100
1008.1768857939278,100,1008.1768857939278,120,1008.1768857939278,130
1008.5771557102962,160,1008.5771557102962,110,1008.5771557102962,90
